{"stats":{"minecraft:custom":{"minecraft:jump":104,"minecraft:time_since_rest":8727,"minecraft:leave_game":1,"minecraft:damage_dealt":20,"minecraft:damage_taken":20,"minecraft:sprint_one_cm":11040,"minecraft:play_time":8727,"minecraft:time_since_death":8727,"minecraft:walk_one_cm":4570,"minecraft:total_world_time":8727,"minecraft:mob_kills":1,"minecraft:drop":4,"minecraft:fall_one_cm":2343,"minecraft:fly_one_cm":23746},"minecraft:dropped":{"alexsmobs:maggot":4},"minecraft:used":{"alexsmobs:animal_dictionary":1,"minecraft:dirt":1},"minecraft:mined":{"minecraft:grass_block":1},"minecraft:picked_up":{"alexsmobs:maggot":4,"minecraft:dirt":1},"minecraft:killed":{"alexsmobs:fly":1}},"DataVersion":3120}