{"stats":{"minecraft:used":{"minecraft:dirt":9},"minecraft:picked_up":{"minecraft:dirt":9},"minecraft:custom":{"minecraft:jump":152,"minecraft:time_since_rest":14401,"minecraft:damage_dealt":10,"minecraft:leave_game":3,"minecraft:play_time":14401,"minecraft:sprint_one_cm":15198,"minecraft:damage_taken":160,"minecraft:time_since_death":14401,"minecraft:walk_one_cm":8617,"minecraft:sneak_time":7,"minecraft:total_world_time":14401,"minecraft:fall_one_cm":5140,"minecraft:fly_one_cm":21040},"minecraft:mined":{"minecraft:grass_block":5,"minecraft:oak_leaves":1,"minecraft:dirt":5}},"DataVersion":3120}