{"stats":{"minecraft:mined":{"minecraft:grass":1,"minecraft:oak_log":2,"minecraft:grass_block":6,"minecraft:dirt":5,"minecraft:dandelion":1,"minecraft:oak_leaves":1},"minecraft:custom":{"minecraft:time_since_rest":2510,"minecraft:sprint_one_cm":32704,"minecraft:play_time":28570,"minecraft:walk_one_cm":16382,"minecraft:damage_taken":375,"minecraft:deaths":1,"minecraft:sneak_time":7,"minecraft:walk_under_water_one_cm":550,"minecraft:drop":1,"minecraft:jump":257,"minecraft:damage_dealt":43,"minecraft:leave_game":5,"minecraft:walk_on_water_one_cm":1485,"minecraft:time_since_death":2438,"minecraft:total_world_time":28570,"minecraft:fall_one_cm":9235,"minecraft:fly_one_cm":38084},"minecraft:used":{"minecraft:rotten_flesh":2,"minecraft:dirt":13},"minecraft:dropped":{"minecraft:dandelion":6},"minecraft:killed_by":{"man:managgresive":1},"minecraft:crafted":{"minecraft:oak_planks":8},"minecraft:picked_up":{"minecraft:rotten_flesh":2,"minecraft:dandelion":6,"minecraft:oak_log":2,"minecraft:dirt":20}},"DataVersion":3120}