{"stats":{"minecraft:crafted":{"minecraft:oak_planks":28,"minecraft:crafting_table":2,"minecraft:stick":28,"minecraft:wooden_pickaxe":1,"minecraft:stone_pickaxe":1,"minecraft:wooden_axe":1,"minecraft:furnace":1,"minecraft:torch":16,"minecraft:stone_axe":1,"minecraft:cooked_mutton":2,"minecraft:air":0},"minecraft:used":{"minecraft:cooked_mutton":2,"minecraft:wooden_axe":12,"minecraft:stone_pickaxe":45,"minecraft:wooden_pickaxe":4,"minecraft:stone_axe":1,"minecraft:torch":9,"minecraft:dirt":5,"minecraft:cobblestone":16,"minecraft:crafting_table":2,"minecraft:oak_sapling":1,"minecraft:furnace":1,"alexsmobs:animal_dictionary":1},"minecraft:killed":{"minecraft:sheep":1},"minecraft:picked_up":{"minecraft:crafting_table":1,"minecraft:torch":2,"minecraft:oak_log":7,"minecraft:dirt":5,"minecraft:oak_sapling":1,"minecraft:mutton":2,"minecraft:coal":10,"minecraft:white_wool":1,"minecraft:cobblestone":34,"minecraft:furnace":1},"minecraft:custom":{"minecraft:time_since_rest":9277,"minecraft:interact_with_furnace":2,"minecraft:sprint_one_cm":19991,"minecraft:damage_taken":260,"minecraft:walk_one_cm":17888,"minecraft:mob_kills":1,"minecraft:damage_dealt":80,"minecraft:interact_with_crafting_table":4,"minecraft:fly_one_cm":12847,"minecraft:play_time":9277,"minecraft:sneak_time":5,"minecraft:jump":123,"minecraft:leave_game":1,"minecraft:time_since_death":9277,"minecraft:total_world_time":9277,"minecraft:fall_one_cm":4811},"minecraft:mined":{"minecraft:furnace":1,"minecraft:torch":1,"minecraft:crafting_table":1,"minecraft:grass_block":1,"minecraft:oak_log":7,"minecraft:coal_ore":10,"minecraft:dirt":4,"minecraft:stone":35,"minecraft:wall_torch":1,"minecraft:oak_leaves":7}},"DataVersion":3120}