{"stats":{"minecraft:killed":{"minecraft:sheep":1,"minecraft:zombie":1},"minecraft:mined":{"minecraft:furnace":1,"minecraft:crafting_table":1,"minecraft:torch":1,"minecraft:oak_log":7,"minecraft:grass_block":1,"minecraft:coal_ore":21,"minecraft:dirt":4,"minecraft:stone":40,"minecraft:oak_leaves":7,"minecraft:wall_torch":1},"minecraft:used":{"minecraft:cooked_mutton":2,"minecraft:wooden_axe":12,"minecraft:stone_pickaxe":61,"minecraft:wooden_pickaxe":4,"minecraft:stone_axe":4,"minecraft:torch":14,"minecraft:dirt":5,"minecraft:cobblestone":18,"minecraft:crafting_table":2,"minecraft:furnace":1,"minecraft:oak_sapling":1,"alexsmobs:animal_dictionary":1},"minecraft:custom":{"minecraft:time_since_rest":11603,"minecraft:interact_with_furnace":2,"minecraft:sprint_one_cm":20580,"minecraft:damage_taken":285,"minecraft:walk_one_cm":25543,"minecraft:mob_kills":2,"minecraft:drop":7,"minecraft:damage_dealt":281,"minecraft:interact_with_crafting_table":4,"minecraft:fly_one_cm":12928,"minecraft:play_time":11603,"minecraft:sneak_time":5,"minecraft:jump":132,"minecraft:leave_game":2,"minecraft:time_since_death":11603,"minecraft:total_world_time":11603,"minecraft:fall_one_cm":4811},"minecraft:dropped":{"minecraft:cobblestone":7},"minecraft:crafted":{"minecraft:oak_planks":28,"minecraft:crafting_table":2,"minecraft:stick":28,"minecraft:wooden_pickaxe":1,"minecraft:stone_pickaxe":1,"minecraft:wooden_axe":1,"minecraft:furnace":1,"minecraft:torch":36,"minecraft:stone_axe":1,"minecraft:cooked_mutton":2,"minecraft:air":0},"minecraft:picked_up":{"minecraft:crafting_table":1,"minecraft:torch":2,"minecraft:oak_log":7,"minecraft:dirt":5,"minecraft:oak_sapling":1,"minecraft:coal":21,"minecraft:mutton":2,"minecraft:white_wool":1,"minecraft:cobblestone":39,"minecraft:furnace":1}},"DataVersion":3120}